-- seed.sql: Мать Учения — real data from campaign spreadsheets

-- Campaign
insert into campaigns (id, name, slug) values
  ('00000000-0000-0000-0000-000000000001', 'Мать Учения', 'mat-ucheniya');

-- Node Types
insert into node_types (id, campaign_id, slug, label, icon, default_fields, sort_order) values
  ('10000000-0000-0000-0000-000000000001', '00000000-0000-0000-0000-000000000001', 'character',    'Персонаж игрока', '⚔️', '{"player":"text","description":"textarea","tags":"tags"}', 1),
  ('10000000-0000-0000-0000-000000000002', '00000000-0000-0000-0000-000000000001', 'npc',          'НПС',             '👤', '{"description":"textarea","status":"text","tags":"tags"}', 2),
  ('10000000-0000-0000-0000-000000000003', '00000000-0000-0000-0000-000000000001', 'location',     'Локация',         '📍', '{"description":"textarea","tags":"tags"}', 3),
  ('10000000-0000-0000-0000-000000000004', '00000000-0000-0000-0000-000000000001', 'group',        'Группа',          '👥', '{"description":"textarea","tags":"tags"}', 4),
  ('10000000-0000-0000-0000-000000000005', '00000000-0000-0000-0000-000000000001', 'organization', 'Организация',     '🏛️', '{"description":"textarea","tags":"tags"}', 5),
  ('10000000-0000-0000-0000-000000000006', '00000000-0000-0000-0000-000000000001', 'creature',     'Существо',        '🐉', '{"description":"textarea","link":"text","tags":"tags"}', 6),
  ('10000000-0000-0000-0000-000000000007', '00000000-0000-0000-0000-000000000001', 'item',         'Предмет',         '🎒', '{"description":"textarea","rarity":"text","tags":"tags"}', 7),
  ('10000000-0000-0000-0000-000000000008', '00000000-0000-0000-0000-000000000001', 'spell',        'Заклинание',      '✨', '{"description":"textarea","level":"text","link":"text","tags":"tags"}', 8),
  ('10000000-0000-0000-0000-000000000009', '00000000-0000-0000-0000-000000000001', 'event',        'Событие',         '📅', '{"description":"textarea","tags":"tags"}', 9),
  ('10000000-0000-0000-0000-000000000010', '00000000-0000-0000-0000-000000000001', 'mechanic',     'Механика',        '⚙️', '{"description":"textarea","tags":"tags"}', 10);

-- Base Edge Types (universal DnD, no campaign_id)
insert into edge_types (id, campaign_id, slug, label, is_base) values
  ('20000000-0000-0000-0000-000000000001', null, 'knows',      'Знает',        true),
  ('20000000-0000-0000-0000-000000000002', null, 'teaches',    'Обучает',      true),
  ('20000000-0000-0000-0000-000000000003', null, 'located_in', 'Находится в',  true),
  ('20000000-0000-0000-0000-000000000004', null, 'owns',       'Владеет',      true),
  ('20000000-0000-0000-0000-000000000005', null, 'member_of',  'Состоит в',    true),
  ('20000000-0000-0000-0000-000000000006', null, 'contains',   'Содержит',     true);

-- === NODES ===

-- 5 Player Characters
insert into nodes (id, campaign_id, type_id, title, fields) values
  ('30000000-0000-0000-0000-000000000001', '00000000-0000-0000-0000-000000000001', '10000000-0000-0000-0000-000000000001',
   'Альд Манкод', '{"player":"Алек","description":"Отмечен Алым Потоком, знаком пепельных глаз и волос. Служит Великой Реке в церкви Багряного Конклава. Жрец Заката.","tags":["3-курс","жрец"]}'),
  ('30000000-0000-0000-0000-000000000002', '00000000-0000-0000-0000-000000000001', '10000000-0000-0000-0000-000000000001',
   'Дрипли Вирион', '{"player":"Егор","description":"Клуб искателей приключений, 2 года от роду, слизь, жертва эксперимента, один из переживших Плач. Изобретатель-алхимик.","tags":["3-курс","слизь","алхимик"]}'),
  ('30000000-0000-0000-0000-000000000003', '00000000-0000-0000-0000-000000000001', '10000000-0000-0000-0000-000000000001',
   'Маркус Хоппер', '{"player":"Стасян","description":"Сборная академии по борьбе, 50% шанс на встречу с фанатом в 100 милях от академии, автор песни «шняга шняжная».","tags":["3-курс","монах","борьба"]}'),
  ('30000000-0000-0000-0000-000000000004', '00000000-0000-0000-0000-000000000001', '10000000-0000-0000-0000-000000000001',
   'Британия Мерц', '{"player":"Андрей","description":"Эмпатка, капитан чирлидеров, дочь богатого пивовара. Умершая от Плача мать, увлекается актёрской игрой, военной историей.","tags":["3-курс","эмпат","чирлидер","бард"]}'),
  ('30000000-0000-0000-0000-000000000005', '00000000-0000-0000-0000-000000000001', '10000000-0000-0000-0000-000000000001',
   'Янка Мавики', '{"player":"Катя","description":"16 лет, цимбалы, Клуб искателей приключений, моментальная смена настроений. Дикая магия.","tags":["3-курс","дикая-магия"]}');

-- 10 NPCs
insert into nodes (id, campaign_id, type_id, title, fields) values
  ('30000000-0000-0000-0000-000000000011', '00000000-0000-0000-0000-000000000001', '10000000-0000-0000-0000-000000000002',
   'Тайвен', '{"description":"Семнадцать лет, выпускница Академии, ассистент преподавателя немагического боя. Наглая, боевой маг, выглядит как Корра из Аватара.","status":"Выпускница","tags":["боевой-маг"]}'),
  ('30000000-0000-0000-0000-000000000012', '00000000-0000-0000-0000-000000000001', '10000000-0000-0000-0000-000000000002',
   'Ильза Зилети', '{"description":"Преподавательница инвокаций, организатор бала. Мастер школы изменения и иллюзий, посвятившая жизнь истинному созданию материи.","status":"Преподаватель","tags":["преподаватель","инвокации"]}'),
  ('30000000-0000-0000-0000-000000000013', '00000000-0000-0000-0000-000000000001', '10000000-0000-0000-0000-000000000002',
   'Кайрон', '{"description":"Преподаватель боевой магии, мускулистый, лысый, большой нос. Бывший солдат и боевой маг, командирский голос.","status":"Преподаватель","tags":["преподаватель","боевая-магия"]}'),
  ('30000000-0000-0000-0000-000000000014', '00000000-0000-0000-0000-000000000001', '10000000-0000-0000-0000-000000000002',
   'Зориан Казински', '{"description":"Пятнадцатилетний ученик, невысокий интроверт в очках, любитель книг и магии. Врождённый псионик-эмпат. Мозговой центр команды.","status":"3 курс","tags":["3-курс","псионик","протагонист"]}'),
  ('30000000-0000-0000-0000-000000000015', '00000000-0000-0000-0000-000000000001', '10000000-0000-0000-0000-000000000002',
   'Хаслуш Экзетери', '{"description":"Детектив полицейского управления Сиории, маг-прорицатель. Учит прорицанию, использует Область Истины.","status":"Детектив","tags":["детектив","прорицатель"]}'),
  ('30000000-0000-0000-0000-000000000016', '00000000-0000-0000-0000-000000000001', '10000000-0000-0000-0000-000000000002',
   'Имайя Курошка', '{"description":"Домовладелица и подруга Ильзы. Одинока, бесплодна, заботится о постояльцах. Очень говорлива.","status":"Горожанка","tags":["горожанка"]}'),
  ('30000000-0000-0000-0000-000000000017', '00000000-0000-0000-0000-000000000001', '10000000-0000-0000-0000-000000000002',
   'Бенисек', '{"description":"Толстенький ленивый любитель сплетен, сын богатых торговцев. Незаменим для сбора информации, может мгновенно разнести любой слух.","status":"3 курс","tags":["3-курс","сплетник"]}'),
  ('30000000-0000-0000-0000-000000000018', '00000000-0000-0000-0000-000000000001', '10000000-0000-0000-0000-000000000002',
   'Акоджа Строуз', '{"description":"Староста группы Зориана, прилежная ученица, аккуратистка, каштановые волосы, очки.","status":"3 курс","tags":["3-курс","группа-1","староста"]}'),
  ('30000000-0000-0000-0000-000000000019', '00000000-0000-0000-0000-000000000001', '10000000-0000-0000-0000-000000000002',
   'Лайонел Вирион', '{"description":"Эксперт алхимии, преподаватель Академии. Отец/создатель Дрипли. Надеется пробудить душу сына в слизи.","status":"Преподаватель","tags":["преподаватель","алхимия"]}'),
  ('30000000-0000-0000-0000-000000000020', '00000000-0000-0000-0000-000000000001', '10000000-0000-0000-0000-000000000002',
   'Нора Буул', '{"description":"Преподавательница заклинательных формул и высшей математики. Экзальтированная, оранжевые волосы, задаёт невозможно много.","status":"Преподаватель","tags":["преподаватель","формулы"]}');

-- 3 Locations
insert into nodes (id, campaign_id, type_id, title, fields) values
  ('30000000-0000-0000-0000-000000000031', '00000000-0000-0000-0000-000000000001', '10000000-0000-0000-0000-000000000003',
   'Промежуточный слой', '{"description":"Часть Подземелья между канализацией и нижними уровнями. Слишком опасна для гражданских, слишком бедна для искателей приключений.","tags":["подземье"]}'),
  ('30000000-0000-0000-0000-000000000032', '00000000-0000-0000-0000-000000000001', '10000000-0000-0000-0000-000000000003',
   'Гадкий Койот', '{"description":"Паб, подпольные бои.","tags":["паб","город"]}'),
  ('30000000-0000-0000-0000-000000000033', '00000000-0000-0000-0000-000000000001', '10000000-0000-0000-0000-000000000003',
   'Клуб авантюристов', '{"description":"Доска, стол, парты, кафедра, стул, кулер, архивная комната с чучелами.","tags":["академия","клуб"]}');

-- 3 Groups (nesting demo)
insert into nodes (id, campaign_id, type_id, title, fields) values
  ('30000000-0000-0000-0000-000000000041', '00000000-0000-0000-0000-000000000001', '10000000-0000-0000-0000-000000000005',
   'Академия Сиории', '{"description":"Королевская академия магии в Сиории. Обучение длится несколько курсов.","tags":["академия"]}'),
  ('30000000-0000-0000-0000-000000000042', '00000000-0000-0000-0000-000000000001', '10000000-0000-0000-0000-000000000004',
   '3 курс', '{"description":"Третий курс Академии Сиории. Курс игроков.","tags":["академия","3-курс"]}'),
  ('30000000-0000-0000-0000-000000000043', '00000000-0000-0000-0000-000000000001', '10000000-0000-0000-0000-000000000004',
   'Группа 1', '{"description":"Первая группа третьего курса. Группа Зориана и Акоджи.","tags":["академия","3-курс","группа-1"]}');

-- === EDGES ===

-- Nesting: Академия → contains → 3 курс → contains → Группа 1 / Клуб
insert into edges (campaign_id, source_id, target_id, type_id, label) values
  ('00000000-0000-0000-0000-000000000001', '30000000-0000-0000-0000-000000000041', '30000000-0000-0000-0000-000000000042', '20000000-0000-0000-0000-000000000006', null),
  ('00000000-0000-0000-0000-000000000001', '30000000-0000-0000-0000-000000000042', '30000000-0000-0000-0000-000000000043', '20000000-0000-0000-0000-000000000006', null),
  ('00000000-0000-0000-0000-000000000001', '30000000-0000-0000-0000-000000000042', '30000000-0000-0000-0000-000000000033', '20000000-0000-0000-0000-000000000006', null);

-- teaches: Ильза, Кайрон → teaches → all PCs
insert into edges (campaign_id, source_id, target_id, type_id, label) values
  ('00000000-0000-0000-0000-000000000001', '30000000-0000-0000-0000-000000000012', '30000000-0000-0000-0000-000000000001', '20000000-0000-0000-0000-000000000002', 'инвокации'),
  ('00000000-0000-0000-0000-000000000001', '30000000-0000-0000-0000-000000000012', '30000000-0000-0000-0000-000000000002', '20000000-0000-0000-0000-000000000002', 'инвокации'),
  ('00000000-0000-0000-0000-000000000001', '30000000-0000-0000-0000-000000000012', '30000000-0000-0000-0000-000000000005', '20000000-0000-0000-0000-000000000002', 'инвокации'),
  ('00000000-0000-0000-0000-000000000001', '30000000-0000-0000-0000-000000000013', '30000000-0000-0000-0000-000000000003', '20000000-0000-0000-0000-000000000002', 'боевая магия'),
  ('00000000-0000-0000-0000-000000000001', '30000000-0000-0000-0000-000000000013', '30000000-0000-0000-0000-000000000004', '20000000-0000-0000-0000-000000000002', 'боевая магия');

-- knows
insert into edges (campaign_id, source_id, target_id, type_id, label) values
  ('00000000-0000-0000-0000-000000000001', '30000000-0000-0000-0000-000000000011', '30000000-0000-0000-0000-000000000002', '20000000-0000-0000-0000-000000000001', 'подруга'),
  ('00000000-0000-0000-0000-000000000001', '30000000-0000-0000-0000-000000000019', '30000000-0000-0000-0000-000000000002', '20000000-0000-0000-0000-000000000001', 'создатель'),
  ('00000000-0000-0000-0000-000000000001', '30000000-0000-0000-0000-000000000017', '30000000-0000-0000-0000-000000000014', '20000000-0000-0000-0000-000000000001', 'друг'),
  ('00000000-0000-0000-0000-000000000001', '30000000-0000-0000-0000-000000000015', '30000000-0000-0000-0000-000000000002', '20000000-0000-0000-0000-000000000001', 'допрос, обет');

-- member_of
insert into edges (campaign_id, source_id, target_id, type_id, label) values
  ('00000000-0000-0000-0000-000000000001', '30000000-0000-0000-0000-000000000002', '30000000-0000-0000-0000-000000000033', '20000000-0000-0000-0000-000000000005', null),
  ('00000000-0000-0000-0000-000000000001', '30000000-0000-0000-0000-000000000005', '30000000-0000-0000-0000-000000000033', '20000000-0000-0000-0000-000000000005', null),
  ('00000000-0000-0000-0000-000000000001', '30000000-0000-0000-0000-000000000018', '30000000-0000-0000-0000-000000000043', '20000000-0000-0000-0000-000000000005', 'староста');

-- located_in
insert into edges (campaign_id, source_id, target_id, type_id, label) values
  ('00000000-0000-0000-0000-000000000001', '30000000-0000-0000-0000-000000000033', '30000000-0000-0000-0000-000000000041', '20000000-0000-0000-0000-000000000003', null);
